area,rpm,servo
2.98686,-2937.14,180,0.57
2.57823,-1897.14,120,0
2.28141,-3754.28,100,0.76378
2.03384,-3720,72,0.76378
1.66314,-3714.28,64,0.76378
1.54002,-3542.86,47,0.76378
2.23815,-3845.71,96,0.76378
1.93467,-3834.29,59,0.76378
1.745,-3805.71,48,0.76378
1.5327,-3811.43,39,0.76378
1.39161,-3811.43,31,0.76378
1.38961,-3782.86,20,0.76378
1.33437,-3777.14,15,0.76378
1.30642,-3771.43,17,0.76378
1.2605,-3754.28,4,0.76378
